{ "compressionlevel":-1,
 "height":20,
 "infinite":false,
 "layers":[
        {
         "class":"tileLayer",
         "data":[10, 11, 10, 11, 10, 11, 10, 11, 10, 11, 10, 11, 10, 11, 10, 11, 10, 11, 10, 11, 10, 11, 10, 11, 10, 11, 10, 11, 10, 11,
            26, 27, 26, 27, 26, 27, 26, 27, 26, 27, 26, 27, 26, 27, 26, 27, 26, 27, 26, 27, 26, 27, 26, 27, 26, 27, 26, 27, 26, 27,
            10, 11, 10, 11, 10, 11, 10, 11, 10, 11, 10, 11, 10, 11, 10, 11, 10, 11, 10, 11, 10, 11, 10, 11, 10, 11, 10, 11, 10, 11,
            26, 27, 26, 27, 26, 27, 26, 27, 26, 27, 26, 27, 26, 27, 26, 27, 26, 27, 26, 27, 26, 27, 26, 27, 26, 27, 26, 27, 26, 27,
            10, 11, 10, 11, 10, 11, 10, 11, 10, 11, 10, 11, 10, 11, 10, 11, 10, 11, 10, 11, 10, 11, 10, 11, 10, 11, 10, 11, 10, 11,
            26, 27, 26, 27, 26, 27, 26, 27, 26, 27, 26, 27, 26, 27, 26, 27, 26, 27, 26, 27, 26, 27, 26, 27, 26, 27, 26, 27, 26, 27,
            10, 11, 10, 11, 10, 11, 10, 11, 10, 11, 10, 11, 10, 11, 10, 11, 10, 11, 10, 11, 10, 11, 10, 11, 10, 11, 10, 11, 10, 11,
            26, 27, 26, 27, 26, 27, 26, 27, 26, 27, 26, 27, 26, 27, 26, 27, 26, 27, 26, 27, 26, 27, 26, 27, 26, 27, 26, 27, 26, 27,
            10, 11, 10, 11, 10, 11, 10, 11, 10, 11, 10, 11, 10, 11, 10, 11, 10, 11, 10, 11, 10, 11, 10, 11, 10, 11, 10, 11, 10, 11,
            26, 27, 26, 27, 26, 27, 26, 27, 26, 27, 26, 27, 26, 27, 26, 27, 26, 27, 26, 27, 26, 27, 26, 27, 26, 27, 26, 27, 26, 27,
            10, 11, 10, 11, 10, 11, 10, 11, 10, 11, 10, 11, 10, 11, 10, 11, 10, 11, 10, 11, 10, 11, 10, 11, 10, 11, 10, 11, 10, 11,
            26, 27, 26, 27, 26, 27, 26, 27, 26, 27, 26, 27, 26, 27, 26, 27, 26, 27, 26, 27, 26, 27, 26, 27, 26, 27, 26, 27, 26, 27,
            10, 11, 10, 11, 10, 11, 10, 11, 10, 11, 10, 11, 10, 11, 10, 11, 10, 11, 10, 11, 10, 11, 10, 11, 10, 11, 10, 11, 10, 11,
            26, 27, 26, 27, 26, 27, 26, 27, 26, 27, 26, 27, 26, 27, 26, 27, 26, 27, 26, 27, 26, 27, 26, 27, 26, 27, 26, 27, 26, 27,
            10, 11, 10, 11, 10, 11, 10, 11, 10, 11, 10, 11, 10, 11, 10, 11, 10, 11, 10, 11, 10, 11, 10, 11, 10, 11, 10, 11, 10, 11,
            26, 27, 26, 27, 26, 27, 26, 27, 26, 27, 26, 27, 26, 27, 26, 27, 26, 27, 26, 27, 26, 27, 26, 27, 26, 27, 26, 27, 26, 27,
            10, 11, 10, 11, 10, 11, 10, 11, 10, 11, 10, 11, 10, 11, 10, 11, 10, 11, 10, 11, 10, 11, 10, 11, 10, 11, 10, 11, 10, 11,
            26, 27, 26, 27, 26, 27, 26, 27, 26, 27, 26, 27, 26, 27, 26, 27, 26, 27, 26, 27, 26, 27, 26, 27, 26, 27, 26, 27, 26, 27,
            10, 11, 10, 11, 10, 11, 10, 11, 10, 11, 10, 11, 10, 11, 10, 11, 10, 11, 10, 11, 10, 11, 10, 11, 10, 11, 10, 11, 10, 11,
            26, 27, 26, 27, 26, 27, 26, 27, 26, 27, 26, 27, 26, 27, 26, 27, 26, 27, 26, 27, 26, 27, 26, 27, 26, 27, 26, 27, 26, 27],
         "height":20,
         "id":1,
         "name":"floor",
         "opacity":1,
         "properties":[
                {
                 "name":"collidable",
                 "type":"bool",
                 "value":false
                }, 
                {
                 "name":"depth",
                 "type":"int",
                 "value":0
                }],
         "type":"tilelayer",
         "visible":true,
         "width":30,
         "x":0,
         "y":0
        }, 
        {
         "class":"tileLayer",
         "data":[0, 0, 0, 0, 0, 0, 0, 0, 0, 0, 0, 0, 0, 0, 0, 0, 0, 0, 0, 0, 0, 0, 0, 0, 0, 0, 0, 0, 0, 0,
            0, 0, 0, 0, 0, 0, 0, 0, 0, 0, 0, 0, 0, 0, 0, 0, 0, 0, 0, 0, 0, 0, 0, 0, 0, 0, 0, 0, 0, 0,
            0, 0, 0, 0, 0, 0, 0, 0, 0, 0, 0, 0, 0, 0, 0, 0, 0, 0, 0, 0, 0, 0, 0, 0, 0, 0, 0, 0, 0, 0,
            0, 0, 0, 0, 0, 0, 0, 0, 0, 0, 0, 0, 0, 0, 0, 0, 0, 0, 0, 0, 0, 0, 0, 0, 0, 0, 0, 0, 0, 0,
            0, 0, 0, 0, 0, 0, 0, 0, 0, 0, 0, 0, 0, 0, 0, 0, 0, 0, 0, 0, 0, 0, 0, 0, 0, 0, 0, 0, 0, 0,
            0, 0, 0, 0, 0, 0, 0, 0, 0, 0, 0, 0, 0, 0, 0, 0, 0, 0, 0, 0, 0, 0, 0, 0, 0, 0, 0, 0, 0, 0,
            0, 0, 0, 0, 0, 0, 0, 0, 0, 0, 0, 0, 0, 0, 0, 0, 0, 0, 0, 0, 0, 0, 0, 0, 0, 0, 0, 0, 0, 0,
            0, 0, 0, 0, 0, 0, 0, 0, 0, 0, 0, 0, 0, 0, 0, 0, 0, 0, 0, 0, 0, 0, 0, 0, 0, 0, 0, 0, 0, 0,
            0, 0, 0, 0, 0, 0, 0, 0, 0, 0, 0, 0, 0, 0, 0, 0, 0, 0, 0, 0, 0, 0, 0, 0, 0, 0, 0, 0, 0, 0,
            0, 0, 0, 0, 0, 0, 0, 0, 0, 0, 0, 0, 0, 0, 0, 0, 0, 0, 0, 0, 0, 0, 0, 0, 0, 0, 0, 0, 0, 0,
            0, 0, 0, 0, 0, 0, 0, 0, 0, 0, 2147483689, 39, 39, 39, 39, 39, 39, 39, 39, 41, 0, 0, 0, 0, 0, 0, 0, 0, 0, 0,
            0, 0, 0, 0, 0, 0, 0, 0, 0, 0, 20, 0, 0, 0, 0, 0, 0, 0, 0, 36, 0, 0, 0, 0, 0, 0, 0, 0, 0, 0,
            0, 0, 0, 0, 0, 0, 0, 0, 0, 0, 20, 0, 0, 0, 0, 0, 0, 0, 0, 4, 0, 0, 0, 0, 0, 0, 0, 0, 0, 0,
            0, 0, 0, 0, 0, 0, 0, 0, 0, 0, 20, 0, 0, 0, 0, 0, 0, 0, 0, 20, 0, 0, 0, 0, 0, 0, 0, 0, 0, 0,
            0, 0, 0, 0, 0, 0, 0, 0, 0, 0, 33, 0, 0, 0, 0, 0, 0, 0, 0, 19, 0, 0, 0, 0, 0, 0, 0, 0, 0, 0,
            0, 0, 0, 0, 0, 0, 0, 0, 0, 0, 34, 39, 39, 39, 39, 39, 39, 39, 39, 35, 0, 0, 0, 0, 0, 0, 0, 0, 0, 0,
            0, 0, 0, 0, 0, 0, 0, 0, 0, 0, 0, 0, 0, 0, 0, 0, 0, 0, 0, 0, 0, 0, 0, 0, 0, 0, 0, 0, 0, 0,
            0, 0, 0, 0, 0, 0, 0, 0, 0, 0, 0, 0, 0, 0, 0, 0, 0, 0, 0, 0, 0, 0, 0, 0, 0, 0, 0, 0, 0, 0,
            0, 0, 0, 0, 0, 0, 0, 0, 0, 0, 0, 0, 0, 0, 0, 0, 0, 0, 0, 0, 0, 0, 0, 0, 0, 0, 0, 0, 0, 0,
            0, 0, 0, 0, 0, 0, 0, 0, 0, 0, 0, 0, 0, 0, 0, 0, 0, 0, 0, 0, 0, 0, 0, 0, 0, 0, 0, 0, 0, 0],
         "height":20,
         "id":2,
         "name":"tables",
         "opacity":1,
         "properties":[
                {
                 "name":"depth",
                 "type":"int",
                 "value":1
                }],
         "type":"tilelayer",
         "visible":true,
         "width":30,
         "x":0,
         "y":0
        }, 
        {
         "draworder":"index",
         "id":3,
         "name":"player",
         "objects":[
                {
                 "height":0,
                 "id":1,
                 "name":"start",
                 "point":true,
                 "rotation":0,
                 "type":"",
                 "visible":true,
                 "width":0,
                 "x":465.333,
                 "y":582.667
                }],
         "opacity":1,
         "properties":[
                {
                 "name":"depth",
                 "type":"int",
                 "value":2
                }],
         "type":"objectgroup",
         "visible":true,
         "x":0,
         "y":0
        }, 
        {
         "draworder":"topdown",
         "id":6,
         "name":"npc_area",
         "objects":[
                {
                 "height":0,
                 "id":5,
                 "name":"",
                 "point":true,
                 "rotation":0,
                 "type":"point",
                 "visible":true,
                 "width":0,
                 "x":367,
                 "y":406
                }, 
                {
                 "height":0,
                 "id":6,
                 "name":"",
                 "point":true,
                 "rotation":0,
                 "type":"point",
                 "visible":true,
                 "width":0,
                 "x":432,
                 "y":466
                }, 
                {
                 "height":0,
                 "id":7,
                 "name":"",
                 "point":true,
                 "rotation":0,
                 "type":"point",
                 "visible":true,
                 "width":0,
                 "x":589,
                 "y":459
                }, 
                {
                 "height":0,
                 "id":8,
                 "name":"",
                 "point":true,
                 "rotation":0,
                 "type":"point",
                 "visible":true,
                 "width":0,
                 "x":433,
                 "y":366
                }, 
                {
                 "height":0,
                 "id":9,
                 "name":"",
                 "point":true,
                 "rotation":0,
                 "type":"point",
                 "visible":true,
                 "width":0,
                 "x":562,
                 "y":366
                }, 
                {
                 "height":127.5,
                 "id":10,
                 "name":"npc_rect",
                 "rotation":0,
                 "type":"rect",
                 "visible":true,
                 "width":255,
                 "x":353,
                 "y":347
                }],
         "opacity":1,
         "type":"objectgroup",
         "visible":true,
         "x":0,
         "y":0
        }, 
        {
         "class":"tileLayer",
         "data":[0, 0, 0, 0, 0, 0, 0, 0, 0, 0, 0, 0, 0, 0, 0, 0, 0, 0, 0, 0, 0, 0, 0, 0, 0, 0, 0, 0, 0, 0,
            0, 0, 0, 0, 0, 0, 0, 0, 0, 0, 0, 0, 0, 0, 0, 0, 0, 0, 0, 0, 0, 0, 0, 0, 0, 0, 0, 0, 0, 0,
            0, 0, 0, 0, 0, 0, 0, 0, 0, 0, 0, 0, 0, 0, 0, 0, 0, 0, 0, 0, 0, 0, 0, 0, 0, 0, 0, 0, 0, 0,
            0, 0, 0, 0, 0, 0, 0, 0, 0, 0, 0, 0, 0, 0, 0, 0, 0, 0, 0, 0, 0, 0, 0, 0, 0, 0, 0, 0, 0, 0,
            0, 0, 0, 0, 0, 0, 0, 0, 0, 0, 0, 0, 0, 0, 0, 0, 0, 0, 0, 0, 0, 0, 0, 0, 0, 0, 0, 0, 0, 0,
            0, 0, 0, 0, 0, 0, 0, 0, 0, 0, 0, 0, 0, 0, 0, 0, 0, 0, 0, 0, 0, 0, 0, 0, 0, 0, 0, 0, 0, 0,
            0, 0, 0, 0, 0, 0, 0, 0, 0, 0, 0, 0, 0, 0, 0, 0, 0, 0, 0, 0, 0, 0, 0, 0, 0, 0, 0, 0, 0, 0,
            0, 0, 0, 0, 0, 0, 0, 0, 0, 0, 0, 0, 0, 0, 0, 0, 0, 0, 0, 0, 0, 0, 0, 0, 0, 0, 0, 0, 0, 0,
            0, 0, 0, 0, 0, 0, 0, 0, 0, 0, 0, 0, 0, 0, 0, 0, 0, 0, 0, 0, 0, 0, 0, 0, 0, 0, 0, 0, 0, 0,
            0, 0, 0, 0, 0, 0, 0, 0, 0, 0, 18, 50, 50, 50, 50, 50, 50, 50, 50, 2147483666, 0, 0, 0, 0, 0, 0, 0, 0, 0, 0,
            0, 0, 0, 0, 0, 0, 0, 0, 0, 0, 0, 0, 0, 0, 0, 0, 0, 0, 0, 0, 0, 0, 0, 0, 0, 0, 0, 0, 0, 0,
            0, 0, 0, 0, 0, 0, 0, 0, 0, 0, 0, 0, 0, 0, 0, 0, 0, 0, 0, 0, 0, 0, 0, 0, 0, 0, 0, 0, 0, 0,
            0, 0, 0, 0, 0, 0, 0, 0, 0, 0, 0, 0, 0, 0, 0, 0, 0, 0, 0, 0, 0, 0, 0, 0, 0, 0, 0, 0, 0, 0,
            0, 0, 0, 0, 0, 0, 0, 0, 0, 0, 0, 0, 0, 0, 0, 0, 0, 0, 0, 0, 0, 0, 0, 0, 0, 0, 0, 0, 0, 0,
            0, 0, 0, 0, 0, 0, 0, 0, 0, 0, 0, 50, 50, 50, 50, 50, 50, 50, 50, 0, 0, 0, 0, 0, 0, 0, 0, 0, 0, 0,
            0, 0, 0, 0, 0, 0, 0, 0, 0, 0, 0, 0, 0, 0, 0, 0, 0, 0, 0, 0, 0, 0, 0, 0, 0, 0, 0, 0, 0, 0,
            0, 0, 0, 0, 0, 0, 0, 0, 0, 0, 0, 0, 0, 0, 0, 0, 0, 0, 0, 0, 0, 0, 0, 0, 0, 0, 0, 0, 0, 0,
            0, 0, 0, 0, 0, 0, 0, 0, 0, 0, 0, 0, 0, 0, 0, 0, 0, 0, 0, 0, 0, 0, 0, 0, 0, 0, 0, 0, 0, 0,
            0, 0, 0, 0, 0, 0, 0, 0, 0, 0, 0, 0, 0, 0, 0, 0, 0, 0, 0, 0, 0, 0, 0, 0, 0, 0, 0, 0, 0, 0,
            0, 0, 0, 0, 0, 0, 0, 0, 0, 0, 0, 0, 0, 0, 0, 0, 0, 0, 0, 0, 0, 0, 0, 0, 0, 0, 0, 0, 0, 0],
         "height":20,
         "id":5,
         "name":"tabletops",
         "opacity":1,
         "properties":[
                {
                 "name":"depth",
                 "type":"int",
                 "value":3
                }],
         "type":"tilelayer",
         "visible":true,
         "width":30,
         "x":0,
         "y":0
        }],
 "nextlayerid":7,
 "nextobjectid":11,
 "orientation":"orthogonal",
 "renderorder":"right-down",
 "tiledversion":"1.11.2",
 "tileheight":32,
 "tilesets":[
        {
         "columns":16,
         "firstgid":1,
         "image":"tiles.png",
         "imageheight":512,
         "imagewidth":512,
         "margin":0,
         "name":"tiles",
         "spacing":0,
         "tilecount":256,
         "tileheight":32,
         "tiles":[
                {
                 "id":3,
                 "objectgroup":
                    {
                     "draworder":"index",
                     "id":2,
                     "name":"",
                     "objects":[
                            {
                             "height":16,
                             "id":1,
                             "name":"",
                             "rotation":0,
                             "type":"",
                             "visible":true,
                             "width":32,
                             "x":0,
                             "y":16
                            }],
                     "opacity":1,
                     "type":"objectgroup",
                     "visible":true,
                     "x":0,
                     "y":0
                    }
                }, 
                {
                 "id":5,
                 "objectgroup":
                    {
                     "draworder":"index",
                     "id":2,
                     "name":"",
                     "objects":[
                            {
                             "height":14,
                             "id":1,
                             "name":"top_left_collision",
                             "rotation":0,
                             "type":"",
                             "visible":true,
                             "width":30,
                             "x":2,
                             "y":18
                            }],
                     "opacity":1,
                     "type":"objectgroup",
                     "visible":true,
                     "x":0,
                     "y":0
                    }
                }, 
                {
                 "id":6,
                 "objectgroup":
                    {
                     "draworder":"index",
                     "id":2,
                     "name":"",
                     "objects":[
                            {
                             "height":14,
                             "id":1,
                             "name":"top_center_collision",
                             "rotation":0,
                             "type":"",
                             "visible":true,
                             "width":32,
                             "x":0,
                             "y":18
                            }],
                     "opacity":1,
                     "type":"objectgroup",
                     "visible":true,
                     "x":0,
                     "y":0
                    }
                }, 
                {
                 "id":7,
                 "objectgroup":
                    {
                     "draworder":"index",
                     "id":2,
                     "name":"",
                     "objects":[
                            {
                             "height":14,
                             "id":1,
                             "name":"top_right_collision",
                             "rotation":0,
                             "type":"",
                             "visible":true,
                             "width":30,
                             "x":0,
                             "y":18
                            }],
                     "opacity":1,
                     "type":"objectgroup",
                     "visible":true,
                     "x":0,
                     "y":0
                    }
                }, 
                {
                 "id":17,
                 "objectgroup":
                    {
                     "draworder":"index",
                     "id":2,
                     "name":"",
                     "objects":[
                            {
                             "height":6,
                             "id":1,
                             "name":"",
                             "rotation":0,
                             "type":"",
                             "visible":true,
                             "width":32,
                             "x":0,
                             "y":26
                            }],
                     "opacity":1,
                     "type":"objectgroup",
                     "visible":true,
                     "x":0,
                     "y":0
                    }
                }, 
                {
                 "id":33,
                 "objectgroup":
                    {
                     "draworder":"index",
                     "id":2,
                     "name":"",
                     "objects":[
                            {
                             "height":25.5,
                             "id":1,
                             "name":"",
                             "rotation":0,
                             "type":"",
                             "visible":true,
                             "width":32,
                             "x":0,
                             "y":0
                            }],
                     "opacity":1,
                     "type":"objectgroup",
                     "visible":true,
                     "x":0,
                     "y":0
                    }
                }, 
                {
                 "id":34,
                 "objectgroup":
                    {
                     "draworder":"index",
                     "id":2,
                     "name":"",
                     "objects":[
                            {
                             "height":25.25,
                             "id":1,
                             "name":"",
                             "rotation":0,
                             "type":"",
                             "visible":true,
                             "width":32,
                             "x":0,
                             "y":0
                            }],
                     "opacity":1,
                     "type":"objectgroup",
                     "visible":true,
                     "x":0,
                     "y":0
                    }
                }, 
                {
                 "id":35,
                 "objectgroup":
                    {
                     "draworder":"index",
                     "id":2,
                     "name":"",
                     "objects":[
                            {
                             "height":25.5,
                             "id":1,
                             "name":"",
                             "rotation":0,
                             "type":"",
                             "visible":true,
                             "width":32,
                             "x":0,
                             "y":0
                            }],
                     "opacity":1,
                     "type":"objectgroup",
                     "visible":true,
                     "x":0,
                     "y":0
                    }
                }, 
                {
                 "id":38,
                 "objectgroup":
                    {
                     "draworder":"index",
                     "id":2,
                     "name":"",
                     "objects":[
                            {
                             "height":25.5,
                             "id":1,
                             "name":"",
                             "rotation":0,
                             "type":"",
                             "visible":true,
                             "width":32,
                             "x":0,
                             "y":0
                            }],
                     "opacity":1,
                     "type":"objectgroup",
                     "visible":true,
                     "x":0,
                     "y":0
                    }
                }, 
                {
                 "id":49,
                 "objectgroup":
                    {
                     "draworder":"index",
                     "id":2,
                     "name":"",
                     "objects":[
                            {
                             "height":6,
                             "id":1,
                             "name":"",
                             "rotation":0,
                             "type":"",
                             "visible":true,
                             "width":32,
                             "x":0,
                             "y":26
                            }],
                     "opacity":1,
                     "type":"objectgroup",
                     "visible":true,
                     "x":0,
                     "y":0
                    }
                }, 
                {
                 "id":52,
                 "objectgroup":
                    {
                     "draworder":"index",
                     "id":2,
                     "name":"",
                     "objects":[
                            {
                             "height":17.5,
                             "id":1,
                             "name":"",
                             "rotation":0,
                             "type":"",
                             "visible":true,
                             "width":32,
                             "x":0,
                             "y":0
                            }],
                     "opacity":1,
                     "type":"objectgroup",
                     "visible":true,
                     "x":0,
                     "y":0
                    }
                }, 
                {
                 "id":56,
                 "objectgroup":
                    {
                     "draworder":"index",
                     "id":2,
                     "name":"",
                     "objects":[
                            {
                             "height":17.5,
                             "id":1,
                             "name":"",
                             "rotation":0,
                             "type":"",
                             "visible":true,
                             "width":32,
                             "x":0,
                             "y":0
                            }],
                     "opacity":1,
                     "type":"objectgroup",
                     "visible":true,
                     "x":0,
                     "y":0
                    }
                }],
         "tilewidth":32
        }, 
        {
         "columns":4,
         "firstgid":257,
         "image":"player.png",
         "imageheight":192,
         "imagewidth":128,
         "margin":0,
         "name":"player",
         "spacing":0,
         "tilecount":16,
         "tileheight":48,
         "tiles":[
                {
                 "animation":[
                        {
                         "duration":100,
                         "tileid":0
                        }, 
                        {
                         "duration":100,
                         "tileid":1
                        }, 
                        {
                         "duration":100,
                         "tileid":2
                        }, 
                        {
                         "duration":100,
                         "tileid":3
                        }],
                 "id":0,
                 "objectgroup":
                    {
                     "draworder":"index",
                     "id":2,
                     "name":"",
                     "objects":[
                            {
                             "height":13,
                             "id":2,
                             "name":"",
                             "rotation":0,
                             "type":"",
                             "visible":true,
                             "width":24,
                             "x":3.75,
                             "y":30.625
                            }],
                     "opacity":1,
                     "type":"objectgroup",
                     "visible":true,
                     "x":0,
                     "y":0
                    }
                }, 
                {
                 "id":1,
                 "objectgroup":
                    {
                     "draworder":"index",
                     "id":2,
                     "name":"",
                     "objects":[
                            {
                             "height":13.25,
                             "id":2,
                             "name":"",
                             "rotation":0,
                             "type":"",
                             "visible":true,
                             "width":24,
                             "x":3.75,
                             "y":30.375
                            }],
                     "opacity":1,
                     "type":"objectgroup",
                     "visible":true,
                     "x":0,
                     "y":0
                    }
                }, 
                {
                 "id":2,
                 "objectgroup":
                    {
                     "draworder":"index",
                     "id":2,
                     "name":"",
                     "objects":[
                            {
                             "height":13,
                             "id":2,
                             "name":"",
                             "rotation":0,
                             "type":"",
                             "visible":true,
                             "width":24,
                             "x":4.25,
                             "y":30.625
                            }],
                     "opacity":1,
                     "type":"objectgroup",
                     "visible":true,
                     "x":0,
                     "y":0
                    }
                }, 
                {
                 "id":3,
                 "objectgroup":
                    {
                     "draworder":"index",
                     "id":2,
                     "name":"",
                     "objects":[
                            {
                             "height":13,
                             "id":2,
                             "name":"",
                             "rotation":0,
                             "type":"",
                             "visible":true,
                             "width":24,
                             "x":4.25,
                             "y":30.125
                            }],
                     "opacity":1,
                     "type":"objectgroup",
                     "visible":true,
                     "x":0,
                     "y":0
                    }
                }, 
                {
                 "animation":[
                        {
                         "duration":100,
                         "tileid":4
                        }, 
                        {
                         "duration":100,
                         "tileid":5
                        }, 
                        {
                         "duration":100,
                         "tileid":6
                        }, 
                        {
                         "duration":100,
                         "tileid":7
                        }],
                 "id":4,
                 "objectgroup":
                    {
                     "draworder":"index",
                     "id":2,
                     "name":"",
                     "objects":[
                            {
                             "height":10.25,
                             "id":2,
                             "name":"",
                             "rotation":0,
                             "type":"",
                             "visible":true,
                             "width":23.5,
                             "x":4.25,
                             "y":30.375
                            }],
                     "opacity":1,
                     "type":"objectgroup",
                     "visible":true,
                     "x":0,
                     "y":0
                    }
                }, 
                {
                 "id":5,
                 "objectgroup":
                    {
                     "draworder":"index",
                     "id":2,
                     "name":"",
                     "objects":[
                            {
                             "height":10.25,
                             "id":2,
                             "name":"",
                             "rotation":0,
                             "type":"",
                             "visible":true,
                             "width":23.5,
                             "x":3.5,
                             "y":30.125
                            }],
                     "opacity":1,
                     "type":"objectgroup",
                     "visible":true,
                     "x":0,
                     "y":0
                    }
                }, 
                {
                 "id":6,
                 "objectgroup":
                    {
                     "draworder":"index",
                     "id":2,
                     "name":"",
                     "objects":[
                            {
                             "height":10.25,
                             "id":2,
                             "name":"",
                             "rotation":0,
                             "type":"",
                             "visible":true,
                             "width":23.5,
                             "x":3.75,
                             "y":30.125
                            }],
                     "opacity":1,
                     "type":"objectgroup",
                     "visible":true,
                     "x":0,
                     "y":0
                    }
                }, 
                {
                 "id":7,
                 "objectgroup":
                    {
                     "draworder":"index",
                     "id":2,
                     "name":"",
                     "objects":[
                            {
                             "height":10.25,
                             "id":2,
                             "name":"",
                             "rotation":0,
                             "type":"",
                             "visible":true,
                             "width":23.5,
                             "x":5.25,
                             "y":30.125
                            }],
                     "opacity":1,
                     "type":"objectgroup",
                     "visible":true,
                     "x":0,
                     "y":0
                    }
                }, 
                {
                 "animation":[
                        {
                         "duration":100,
                         "tileid":8
                        }, 
                        {
                         "duration":100,
                         "tileid":9
                        }, 
                        {
                         "duration":100,
                         "tileid":10
                        }, 
                        {
                         "duration":100,
                         "tileid":11
                        }],
                 "id":8,
                 "objectgroup":
                    {
                     "draworder":"index",
                     "id":2,
                     "name":"",
                     "objects":[
                            {
                             "height":10.25,
                             "id":2,
                             "name":"",
                             "rotation":0,
                             "type":"",
                             "visible":true,
                             "width":23.5,
                             "x":4.25,
                             "y":31.125
                            }],
                     "opacity":1,
                     "type":"objectgroup",
                     "visible":true,
                     "x":0,
                     "y":0
                    }
                }, 
                {
                 "id":9,
                 "objectgroup":
                    {
                     "draworder":"index",
                     "id":2,
                     "name":"",
                     "objects":[
                            {
                             "height":10.25,
                             "id":2,
                             "name":"",
                             "rotation":0,
                             "type":"",
                             "visible":true,
                             "width":23.5,
                             "x":4.25,
                             "y":30.375
                            }],
                     "opacity":1,
                     "type":"objectgroup",
                     "visible":true,
                     "x":0,
                     "y":0
                    }
                }, 
                {
                 "id":10,
                 "objectgroup":
                    {
                     "draworder":"index",
                     "id":2,
                     "name":"",
                     "objects":[
                            {
                             "height":10.25,
                             "id":2,
                             "name":"",
                             "rotation":0,
                             "type":"",
                             "visible":true,
                             "width":23.5,
                             "x":3.75,
                             "y":30.875
                            }],
                     "opacity":1,
                     "type":"objectgroup",
                     "visible":true,
                     "x":0,
                     "y":0
                    }
                }, 
                {
                 "id":11,
                 "objectgroup":
                    {
                     "draworder":"index",
                     "id":2,
                     "name":"",
                     "objects":[
                            {
                             "height":10.25,
                             "id":2,
                             "name":"",
                             "rotation":0,
                             "type":"",
                             "visible":true,
                             "width":23.5,
                             "x":3.75,
                             "y":29.625
                            }],
                     "opacity":1,
                     "type":"objectgroup",
                     "visible":true,
                     "x":0,
                     "y":0
                    }
                }, 
                {
                 "animation":[
                        {
                         "duration":100,
                         "tileid":12
                        }, 
                        {
                         "duration":100,
                         "tileid":13
                        }, 
                        {
                         "duration":100,
                         "tileid":14
                        }, 
                        {
                         "duration":100,
                         "tileid":15
                        }],
                 "id":12,
                 "objectgroup":
                    {
                     "draworder":"index",
                     "id":2,
                     "name":"",
                     "objects":[
                            {
                             "height":14,
                             "id":2,
                             "name":"",
                             "rotation":0,
                             "type":"",
                             "visible":true,
                             "width":23,
                             "x":4.5,
                             "y":27.125
                            }],
                     "opacity":1,
                     "type":"objectgroup",
                     "visible":true,
                     "x":0,
                     "y":0
                    }
                }, 
                {
                 "id":13,
                 "objectgroup":
                    {
                     "draworder":"index",
                     "id":2,
                     "name":"",
                     "objects":[
                            {
                             "height":14,
                             "id":1,
                             "name":"",
                             "rotation":0,
                             "type":"",
                             "visible":true,
                             "width":23,
                             "x":4.75,
                             "y":26.25
                            }],
                     "opacity":1,
                     "type":"objectgroup",
                     "visible":true,
                     "x":0,
                     "y":0
                    }
                }, 
                {
                 "id":14,
                 "objectgroup":
                    {
                     "draworder":"index",
                     "id":2,
                     "name":"",
                     "objects":[
                            {
                             "height":14,
                             "id":3,
                             "name":"",
                             "rotation":0,
                             "type":"",
                             "visible":true,
                             "width":23,
                             "x":4.75,
                             "y":28
                            }],
                     "opacity":1,
                     "type":"objectgroup",
                     "visible":true,
                     "x":0,
                     "y":0
                    }
                }, 
                {
                 "id":15,
                 "objectgroup":
                    {
                     "draworder":"index",
                     "id":2,
                     "name":"",
                     "objects":[
                            {
                             "height":14,
                             "id":2,
                             "name":"",
                             "rotation":0,
                             "type":"",
                             "visible":true,
                             "width":23,
                             "x":4,
                             "y":26
                            }],
                     "opacity":1,
                     "type":"objectgroup",
                     "visible":true,
                     "x":0,
                     "y":0
                    }
                }],
         "tilewidth":32
        }, 
        {
         "columns":4,
         "firstgid":273,
         "image":"npc1.png",
         "imageheight":192,
         "imagewidth":128,
         "margin":0,
         "name":"npc1",
         "spacing":0,
         "tilecount":16,
         "tileheight":48,
         "tiles":[
                {
                 "id":0,
                 "objectgroup":
                    {
                     "draworder":"index",
                     "id":2,
                     "name":"",
                     "objects":[
                            {
                             "height":10,
                             "id":1,
                             "name":"",
                             "rotation":0,
                             "type":"",
                             "visible":true,
                             "width":24,
                             "x":4,
                             "y":33.75
                            }],
                     "opacity":1,
                     "type":"objectgroup",
                     "visible":true,
                     "x":0,
                     "y":0
                    }
                }, 
                {
                 "id":1,
                 "objectgroup":
                    {
                     "draworder":"index",
                     "id":2,
                     "name":"",
                     "objects":[
                            {
                             "height":10,
                             "id":1,
                             "name":"",
                             "rotation":0,
                             "type":"",
                             "visible":true,
                             "width":24,
                             "x":1.75,
                             "y":33.5
                            }],
                     "opacity":1,
                     "type":"objectgroup",
                     "visible":true,
                     "x":0,
                     "y":0
                    }
                }, 
                {
                 "id":2,
                 "objectgroup":
                    {
                     "draworder":"index",
                     "id":2,
                     "name":"",
                     "objects":[
                            {
                             "height":10,
                             "id":1,
                             "name":"",
                             "rotation":0,
                             "type":"",
                             "visible":true,
                             "width":24,
                             "x":3.75,
                             "y":33.5
                            }],
                     "opacity":1,
                     "type":"objectgroup",
                     "visible":true,
                     "x":0,
                     "y":0
                    }
                }, 
                {
                 "id":3,
                 "objectgroup":
                    {
                     "draworder":"index",
                     "id":2,
                     "name":"",
                     "objects":[
                            {
                             "height":10,
                             "id":1,
                             "name":"",
                             "rotation":0,
                             "type":"",
                             "visible":true,
                             "width":24,
                             "x":4,
                             "y":34.25
                            }],
                     "opacity":1,
                     "type":"objectgroup",
                     "visible":true,
                     "x":0,
                     "y":0
                    }
                }, 
                {
                 "id":4,
                 "objectgroup":
                    {
                     "draworder":"index",
                     "id":2,
                     "name":"",
                     "objects":[
                            {
                             "height":10,
                             "id":1,
                             "name":"",
                             "rotation":0,
                             "type":"",
                             "visible":true,
                             "width":24,
                             "x":4,
                             "y":33.25
                            }],
                     "opacity":1,
                     "type":"objectgroup",
                     "visible":true,
                     "x":0,
                     "y":0
                    }
                }, 
                {
                 "id":5,
                 "objectgroup":
                    {
                     "draworder":"index",
                     "id":2,
                     "name":"",
                     "objects":[
                            {
                             "height":10,
                             "id":1,
                             "name":"",
                             "rotation":0,
                             "type":"",
                             "visible":true,
                             "width":24,
                             "x":2.25,
                             "y":32.5
                            }],
                     "opacity":1,
                     "type":"objectgroup",
                     "visible":true,
                     "x":0,
                     "y":0
                    }
                }, 
                {
                 "id":6,
                 "objectgroup":
                    {
                     "draworder":"index",
                     "id":2,
                     "name":"",
                     "objects":[
                            {
                             "height":10,
                             "id":1,
                             "name":"",
                             "rotation":0,
                             "type":"",
                             "visible":true,
                             "width":24,
                             "x":3.75,
                             "y":33.5
                            }],
                     "opacity":1,
                     "type":"objectgroup",
                     "visible":true,
                     "x":0,
                     "y":0
                    }
                }, 
                {
                 "id":7,
                 "objectgroup":
                    {
                     "draworder":"index",
                     "id":2,
                     "name":"",
                     "objects":[
                            {
                             "height":10,
                             "id":1,
                             "name":"",
                             "rotation":0,
                             "type":"",
                             "visible":true,
                             "width":24,
                             "x":3.5,
                             "y":32.25
                            }],
                     "opacity":1,
                     "type":"objectgroup",
                     "visible":true,
                     "x":0,
                     "y":0
                    }
                }, 
                {
                 "id":8,
                 "objectgroup":
                    {
                     "draworder":"index",
                     "id":2,
                     "name":"",
                     "objects":[
                            {
                             "height":10,
                             "id":1,
                             "name":"",
                             "rotation":0,
                             "type":"",
                             "visible":true,
                             "width":24,
                             "x":3,
                             "y":34
                            }],
                     "opacity":1,
                     "type":"objectgroup",
                     "visible":true,
                     "x":0,
                     "y":0
                    }
                }, 
                {
                 "id":9,
                 "objectgroup":
                    {
                     "draworder":"index",
                     "id":2,
                     "name":"",
                     "objects":[
                            {
                             "height":10,
                             "id":1,
                             "name":"",
                             "rotation":0,
                             "type":"",
                             "visible":true,
                             "width":24,
                             "x":4,
                             "y":32
                            }],
                     "opacity":1,
                     "type":"objectgroup",
                     "visible":true,
                     "x":0,
                     "y":0
                    }
                }, 
                {
                 "id":10,
                 "objectgroup":
                    {
                     "draworder":"index",
                     "id":2,
                     "name":"",
                     "objects":[
                            {
                             "height":10,
                             "id":1,
                             "name":"",
                             "rotation":0,
                             "type":"",
                             "visible":true,
                             "width":24,
                             "x":3.25,
                             "y":33.5
                            }],
                     "opacity":1,
                     "type":"objectgroup",
                     "visible":true,
                     "x":0,
                     "y":0
                    }
                }, 
                {
                 "id":11,
                 "objectgroup":
                    {
                     "draworder":"index",
                     "id":2,
                     "name":"",
                     "objects":[
                            {
                             "height":10,
                             "id":1,
                             "name":"",
                             "rotation":0,
                             "type":"",
                             "visible":true,
                             "width":24,
                             "x":3.75,
                             "y":32
                            }],
                     "opacity":1,
                     "type":"objectgroup",
                     "visible":true,
                     "x":0,
                     "y":0
                    }
                }, 
                {
                 "id":12,
                 "objectgroup":
                    {
                     "draworder":"index",
                     "id":2,
                     "name":"",
                     "objects":[
                            {
                             "height":10,
                             "id":1,
                             "name":"",
                             "rotation":0,
                             "type":"",
                             "visible":true,
                             "width":24,
                             "x":4.75,
                             "y":33.75
                            }],
                     "opacity":1,
                     "type":"objectgroup",
                     "visible":true,
                     "x":0,
                     "y":0
                    }
                }, 
                {
                 "id":13,
                 "objectgroup":
                    {
                     "draworder":"index",
                     "id":2,
                     "name":"",
                     "objects":[
                            {
                             "height":10,
                             "id":1,
                             "name":"",
                             "rotation":0,
                             "type":"",
                             "visible":true,
                             "width":24,
                             "x":5,
                             "y":33.5
                            }],
                     "opacity":1,
                     "type":"objectgroup",
                     "visible":true,
                     "x":0,
                     "y":0
                    }
                }, 
                {
                 "id":14,
                 "objectgroup":
                    {
                     "draworder":"index",
                     "id":2,
                     "name":"",
                     "objects":[
                            {
                             "height":10,
                             "id":1,
                             "name":"",
                             "rotation":0,
                             "type":"",
                             "visible":true,
                             "width":24,
                             "x":5.25,
                             "y":33.75
                            }],
                     "opacity":1,
                     "type":"objectgroup",
                     "visible":true,
                     "x":0,
                     "y":0
                    }
                }, 
                {
                 "id":15,
                 "objectgroup":
                    {
                     "draworder":"index",
                     "id":2,
                     "name":"",
                     "objects":[
                            {
                             "height":10,
                             "id":1,
                             "name":"",
                             "rotation":0,
                             "type":"",
                             "visible":true,
                             "width":24,
                             "x":6.25,
                             "y":33.5
                            }],
                     "opacity":1,
                     "type":"objectgroup",
                     "visible":true,
                     "x":0,
                     "y":0
                    }
                }],
         "tilewidth":32
        }, 
        {
         "columns":4,
         "firstgid":289,
         "image":"npc2.png",
         "imageheight":192,
         "imagewidth":128,
         "margin":0,
         "name":"npc2",
         "spacing":0,
         "tilecount":16,
         "tileheight":48,
         "tiles":[
                {
                 "animation":[
                        {
                         "duration":100,
                         "tileid":0
                        }, 
                        {
                         "duration":100,
                         "tileid":1
                        }, 
                        {
                         "duration":100,
                         "tileid":2
                        }, 
                        {
                         "duration":100,
                         "tileid":3
                        }],
                 "id":0,
                 "objectgroup":
                    {
                     "draworder":"index",
                     "id":2,
                     "name":"",
                     "objects":[
                            {
                             "height":11.75,
                             "id":1,
                             "name":"",
                             "rotation":0,
                             "type":"",
                             "visible":true,
                             "width":24,
                             "x":3,
                             "y":30.375
                            }],
                     "opacity":1,
                     "type":"objectgroup",
                     "visible":true,
                     "x":0,
                     "y":0
                    }
                }, 
                {
                 "id":1,
                 "objectgroup":
                    {
                     "draworder":"index",
                     "id":2,
                     "name":"",
                     "objects":[
                            {
                             "height":11.75,
                             "id":1,
                             "name":"",
                             "rotation":0,
                             "type":"",
                             "visible":true,
                             "width":24,
                             "x":3,
                             "y":31.5
                            }],
                     "opacity":1,
                     "type":"objectgroup",
                     "visible":true,
                     "x":0,
                     "y":0
                    }
                }, 
                {
                 "id":2,
                 "objectgroup":
                    {
                     "draworder":"index",
                     "id":2,
                     "name":"",
                     "objects":[
                            {
                             "height":11.75,
                             "id":1,
                             "name":"",
                             "rotation":0,
                             "type":"",
                             "visible":true,
                             "width":24,
                             "x":3,
                             "y":31.125
                            }],
                     "opacity":1,
                     "type":"objectgroup",
                     "visible":true,
                     "x":0,
                     "y":0
                    }
                }, 
                {
                 "id":3,
                 "objectgroup":
                    {
                     "draworder":"index",
                     "id":2,
                     "name":"",
                     "objects":[
                            {
                             "height":11.75,
                             "id":1,
                             "name":"",
                             "rotation":0,
                             "type":"",
                             "visible":true,
                             "width":24,
                             "x":2.75,
                             "y":31.375
                            }],
                     "opacity":1,
                     "type":"objectgroup",
                     "visible":true,
                     "x":0,
                     "y":0
                    }
                }, 
                {
                 "animation":[
                        {
                         "duration":100,
                         "tileid":4
                        }, 
                        {
                         "duration":100,
                         "tileid":5
                        }, 
                        {
                         "duration":100,
                         "tileid":6
                        }, 
                        {
                         "duration":100,
                         "tileid":7
                        }],
                 "id":4,
                 "objectgroup":
                    {
                     "draworder":"index",
                     "id":2,
                     "name":"",
                     "objects":[
                            {
                             "height":11.75,
                             "id":1,
                             "name":"",
                             "rotation":0,
                             "type":"",
                             "visible":true,
                             "width":24,
                             "x":3.25,
                             "y":30.625
                            }],
                     "opacity":1,
                     "type":"objectgroup",
                     "visible":true,
                     "x":0,
                     "y":0
                    }
                }, 
                {
                 "id":5,
                 "objectgroup":
                    {
                     "draworder":"index",
                     "id":2,
                     "name":"",
                     "objects":[
                            {
                             "height":11.75,
                             "id":1,
                             "name":"",
                             "rotation":0,
                             "type":"",
                             "visible":true,
                             "width":24,
                             "x":3.25,
                             "y":29.625
                            }],
                     "opacity":1,
                     "type":"objectgroup",
                     "visible":true,
                     "x":0,
                     "y":0
                    }
                }, 
                {
                 "id":6,
                 "objectgroup":
                    {
                     "draworder":"index",
                     "id":2,
                     "name":"",
                     "objects":[
                            {
                             "height":11.75,
                             "id":1,
                             "name":"",
                             "rotation":0,
                             "type":"",
                             "visible":true,
                             "width":24,
                             "x":3.25,
                             "y":30.375
                            }],
                     "opacity":1,
                     "type":"objectgroup",
                     "visible":true,
                     "x":0,
                     "y":0
                    }
                }, 
                {
                 "id":7,
                 "objectgroup":
                    {
                     "draworder":"index",
                     "id":2,
                     "name":"",
                     "objects":[
                            {
                             "height":11.75,
                             "id":1,
                             "name":"",
                             "rotation":0,
                             "type":"",
                             "visible":true,
                             "width":24,
                             "x":2.75,
                             "y":29.375
                            }],
                     "opacity":1,
                     "type":"objectgroup",
                     "visible":true,
                     "x":0,
                     "y":0
                    }
                }, 
                {
                 "animation":[
                        {
                         "duration":100,
                         "tileid":8
                        }, 
                        {
                         "duration":100,
                         "tileid":9
                        }, 
                        {
                         "duration":100,
                         "tileid":10
                        }, 
                        {
                         "duration":100,
                         "tileid":11
                        }],
                 "id":8,
                 "objectgroup":
                    {
                     "draworder":"index",
                     "id":2,
                     "name":"",
                     "objects":[
                            {
                             "height":11.75,
                             "id":1,
                             "name":"",
                             "rotation":0,
                             "type":"",
                             "visible":true,
                             "width":24,
                             "x":4.25,
                             "y":29.375
                            }],
                     "opacity":1,
                     "type":"objectgroup",
                     "visible":true,
                     "x":0,
                     "y":0
                    }
                }, 
                {
                 "id":9,
                 "objectgroup":
                    {
                     "draworder":"index",
                     "id":2,
                     "name":"",
                     "objects":[
                            {
                             "height":11.75,
                             "id":1,
                             "name":"",
                             "rotation":0,
                             "type":"",
                             "visible":true,
                             "width":24,
                             "x":3.5,
                             "y":29.625
                            }],
                     "opacity":1,
                     "type":"objectgroup",
                     "visible":true,
                     "x":0,
                     "y":0
                    }
                }, 
                {
                 "id":10,
                 "objectgroup":
                    {
                     "draworder":"index",
                     "id":2,
                     "name":"",
                     "objects":[
                            {
                             "height":11.75,
                             "id":1,
                             "name":"",
                             "rotation":0,
                             "type":"",
                             "visible":true,
                             "width":24,
                             "x":3,
                             "y":29.375
                            }],
                     "opacity":1,
                     "type":"objectgroup",
                     "visible":true,
                     "x":0,
                     "y":0
                    }
                }, 
                {
                 "id":11,
                 "objectgroup":
                    {
                     "draworder":"index",
                     "id":2,
                     "name":"",
                     "objects":[
                            {
                             "height":11.75,
                             "id":1,
                             "name":"",
                             "rotation":0,
                             "type":"",
                             "visible":true,
                             "width":24,
                             "x":2.75,
                             "y":29.375
                            }],
                     "opacity":1,
                     "type":"objectgroup",
                     "visible":true,
                     "x":0,
                     "y":0
                    }
                }, 
                {
                 "animation":[
                        {
                         "duration":100,
                         "tileid":12
                        }, 
                        {
                         "duration":100,
                         "tileid":13
                        }, 
                        {
                         "duration":100,
                         "tileid":14
                        }, 
                        {
                         "duration":100,
                         "tileid":15
                        }],
                 "id":12,
                 "objectgroup":
                    {
                     "draworder":"index",
                     "id":2,
                     "name":"",
                     "objects":[
                            {
                             "height":11.75,
                             "id":1,
                             "name":"",
                             "rotation":0,
                             "type":"",
                             "visible":true,
                             "width":24,
                             "x":4,
                             "y":30.125
                            }],
                     "opacity":1,
                     "type":"objectgroup",
                     "visible":true,
                     "x":0,
                     "y":0
                    }
                }, 
                {
                 "id":13,
                 "objectgroup":
                    {
                     "draworder":"index",
                     "id":2,
                     "name":"",
                     "objects":[
                            {
                             "height":11.75,
                             "id":1,
                             "name":"",
                             "rotation":0,
                             "type":"",
                             "visible":true,
                             "width":24,
                             "x":4.25,
                             "y":29.625
                            }],
                     "opacity":1,
                     "type":"objectgroup",
                     "visible":true,
                     "x":0,
                     "y":0
                    }
                }, 
                {
                 "id":14,
                 "objectgroup":
                    {
                     "draworder":"index",
                     "id":2,
                     "name":"",
                     "objects":[
                            {
                             "height":11.75,
                             "id":1,
                             "name":"",
                             "rotation":0,
                             "type":"",
                             "visible":true,
                             "width":24,
                             "x":3.25,
                             "y":30.125
                            }],
                     "opacity":1,
                     "type":"objectgroup",
                     "visible":true,
                     "x":0,
                     "y":0
                    }
                }, 
                {
                 "id":15,
                 "objectgroup":
                    {
                     "draworder":"index",
                     "id":2,
                     "name":"",
                     "objects":[
                            {
                             "height":11.75,
                             "id":1,
                             "name":"",
                             "rotation":0,
                             "type":"",
                             "visible":true,
                             "width":24,
                             "x":3.25,
                             "y":29.625
                            }],
                     "opacity":1,
                     "type":"objectgroup",
                     "visible":true,
                     "x":0,
                     "y":0
                    }
                }],
         "tilewidth":32
        }],
 "tilewidth":32,
 "type":"map",
 "version":"1.10",
 "width":30
}